,Unnamed: 0,id,username,created_at,note,followers_count,following_count,statuses_count
52170,52170,5344460,Raghee,2021-09-05T21:09:51.726Z,affiliate marketer animal lover football fan looking for the next big success story from the forexcrypto market benevolent gun girl refused the jab lost my job trading rescued me make 5 figuresmonthly aiming for 6 the government got nothing on me no no no lies,197,427,188
10608,10608,5567112,WhiteZuluQueen,2021-12-02T17:20:22.728Z,christian american grandma and fiercely patriotic proud member of the lgbfjb community maga cal gender equality denier,184,64,6008
5743,5743,45164,Gee,2016-11-02T16:00:37.000Z,instead of processing my trauma i ve decided to weaponize it,60410,8847,15836
67882,67882,6005436,ScottB1604,2022-07-24T13:50:44.563Z,everything happens for a reason but sometimes those reasons are impossible to understand,7,88,7
29735,29735,837106,Evilwulfie,2018-10-28T13:48:59.000Z,electronics engineer off grid living at its finest my electronics lab and home is 100 solar powered prep not for the end of the world but prep for the good life living on 40 of the finest acres in northern arizona as self sufficient as i can be,176,273,1132
84136,84136,69170,fredlk,2016-11-20T19:14:47.000Z,censorship is the child of fear and the father of ignorance laurie halse anderson,2079,939,67930
19877,19877,3883690,_SiALaVida_,2021-01-18T16:13:35.553Z,soycatolico solo tenemos que creer en dios y en sus promesas si tan solo clamamos a el por justicia y libertad arrepintie ndonos de nuestros pecados todo este mundo cambiari a y viviri amos en paz y prosperidad asi como los profetas y los santos debemos ir aprendiendo cada di a ma s de dios lealabiblia verdadera anteriores al concilio ii misa eucaristia jesusmimejoramigo nuestro sen or jesucristo dio su vida para salvarnos crucifica tus pecados,25,29,106
52590,52590,2064799,AutumnsCalling,2021-01-07T01:39:43.636Z,follower of jesusyeshua his gospel patriot dedicated to breaking barriers truth never dies all gloryhonor power to jesus christ anon maga wwg1wga enemy of twitter the word is alive,894,1044,2489
25360,25360,6424849,AirdropBulletin,2023-08-19T07:16:13.200Z,welcome,131,586,10
44375,44375,5797248,aleksandrajaramillo2140,2022-02-26T00:56:52.355Z,if you cannot do great things do small things in a great way,282,344,19
17205,17205,895566,kayserisi,2018-11-24T18:44:15.000Z,what is freedom of expression without the freedom to offend it ceases to exist salman rushdie,518,1085,2111
57443,57443,6169197,Sindiawilliams123,2022-12-02T22:35:40.204Z,i m new here,0,8,0
39000,39000,3741515,Konserwatysta_Pol,2021-01-15T19:31:08.419Z,historian conservative libertarian pro europe of nations anti eu non multicultural si deus pro no bis quis con tra nos,1372,1426,4587
49401,49401,6425060,west14dental,2023-08-19T11:00:04.471Z,experience exceptional oral care at our saskatoon dental clinic at west 14 dental our dedicated team offers a wide range of services from preventive treatments to cosmetic enhancements book an appointment today to achieve a healthy confident smile choose quality dental care visit our dental clinic and prioritize your oral wellbeing httpswwwwest14dentalcom,17,142,25
45688,45688,5942242,Christopherpine,2022-05-23T08:01:06.006Z,conservative patriot our great country america i pledge love family first and one of our best president ever donald trump joe biden wasn t electedhe was fraudulently installed treason let s go brandon,0,5,8
32778,32778,6265283,Kmoahbgaiag,2023-03-13T19:18:30.767Z,jack schwager the author of the market wizards series said it best when he wrote good trading should be effortless,124,253,5
72162,72162,2109631,Rogerdat,2021-01-08T03:31:40.155Z,soldier of the apocalypse,542,252,98395
6334,6334,5065545,EssayChess,2021-04-21T05:31:47.424Z,sar digitalsoldier 1a 2a banned by twatter and fakebook pointless to vote again until 2020 is fixed trumpwon fjb more than anything we all need to free our minds and become conscious from that everything else will come including the intuition inspiration and knowing that will guide us on how most effectively to deal with what we face its long past time to stand up and refuse to comply with tyranny fuck the nwo communists,5889,5822,25469
62973,62973,1025371,Deeelite,2019-03-08T16:22:35.000Z,in clown worldeverything is fine welcome to the culture rot enjoy your stay,141,138,1832
80510,80510,3816379,KJVAnon,2021-01-17T03:11:18.643Z,a rehabilitated degenerate through the power of christ now a father husband and still a weird dude,43,63,401
32973,32973,921737,Juliet777777,2018-12-06T05:01:32.000Z,better to live day a tiger than 1000 as a sheep remembertriumph of evil is for good men who do nothing proisrael fx trader kicked off twitter juliettejuliet777777 currently suspendedtwitter followers 32000 including seanhannity antoniosabatojr trobinsonnewera maga trump,7131,7922,80535
11612,11612,4998084,asentinery,2021-04-07T17:23:07.058Z,rock is fucking fun i just want to have fun and keep it rock n roll and hollywood im looking for a graphic designer who wont rip me off i need dropcards shirts and skateboards im mostly into all revolutionaryrebel rock and rock n roll i dont give a shit about causes or what punks represent i just enjoy the music explicit content warning this page is for acting and comedy purposes only,279,897,25990
84830,84830,5208049,auswar,2021-07-10T21:17:07.696Z,holocaust fraud survivor holocaust fund was defrauded many of the stories were works of fiction or embellishment of facts birth dates were changed so people would appear to have been alive during world war iihttpwwwnytimescom20101110nyregion10holocausthtmlholocaust fraud probe leads to charge against canadian accused of being part of conspiracy to steal millions wwwcbccanewscanadaholocaustfraudprobeleadstochargeagainsttorontowoman11130337,115,98,2945
1239,1239,6679639,Ochoa709,2024-12-30T23:11:50.638Z,trump follower dear friends let us love one another for love comes from god everyone who loves has been born of god and knows god whoever does not love does not know god because god is lovejohn 478,160,758,177
100306,100306,1968507,djfmitv,2020-12-06T19:39:33.831Z,pioneering broadcaster to the micronational community wales the marches and the world nb echos links are not endorsements will follow fellow followers back,101,172,1757
9057,9057,4421619,Jezebezebub,2021-02-06T22:08:12.708Z,rn oncology certified baby boomer in the middle of flyover country,292,423,1156
18881,18881,902079,RioaRobbies,2018-11-26T21:30:21.000Z,truckin and fuckin is all i crave,457,869,1925
14884,14884,6174773,ClaireAllis0n,2022-12-07T19:54:08.004Z,the only way to deal with an unfree world is to become so absolutely free that your very existence is an act of rebellion albert camus eminentdomainsocialmedia maga saveourchildren trumpwon wwg1wga ncswic,238,681,115
38154,38154,6665549,OpenBlondie,2024-11-10T22:44:42.614Z,open free peacefully loving lifefreedom is keylove living out in the open in naturetassie is my home victoria is where ive found myselflove my country and love a decent respectful country men,5,10,4
11545,11545,4885073,Lord_SimonDK,2021-03-16T22:19:25.635Z,i always go the right wayneither i or my two small aryan children harald saga will ever get the jewjuice aka covid vaccinetoday 041122 valdemar was born no kind of vax for him everantisemitisme is wellinformatisme and it sells itself,124,143,2099
8528,8528,78636,Rockee1,2016-11-21T23:15:28.000Z,husband father retired armynavy veteran deplorable voter pureblood 2a draintheswamp americafirst veterans maga gabvets i follow back all patriots trumpwon everything i post is for entertainment purpose only,4125,4545,22966
48267,48267,4491272,RealAmerican77,2021-02-08T15:05:44.790Z,the constitution is absolutedonald john trump is the only legal lawful president of the united states god bless america,1544,1319,32430
947,947,6092554,McClell,2022-09-24T15:54:24.823Z,registered nurse of course bad side like any other personbut you can discover them by your self,59,352,5
89881,89881,520386,For2000years,2018-05-24T14:38:54.000Z,stopping leaks is a new form of censorship julian assange,14,4,8
57650,57650,5851814,MrThomasNicholas,2022-03-17T17:02:11.331Z,honest with kind heart i hate lies,77,169,2
37372,37372,6074660,Johnsoncollins,2022-09-11T23:23:35.471Z,love is beyond any other thing,0,26,1
99393,99393,36447,Fisherlisamarie,2016-10-18T02:54:33.000Z,love all things trumpdespise anything liberal,488,375,22
80723,80723,2604573,Dwglider,2021-01-10T08:40:11.440Z,proudly unmasked untested and unvaxed,1201,197,58359
479,479,6626915,Moses418,2024-07-12T18:46:21.934Z,proudly sunshine state fight fight fight for america,256,1308,217
18059,18059,2961829,Iancurtis,2021-01-11T03:22:08.356Z,i am the anti communist and i smash antifa tards all night long death to communists globalist follow back patriots tittypussy and i am super straight no rinos rinos out out out i am a pureblood no vax ever,1535,2242,5417
59154,59154,1433330,joejenkins,2020-04-03T06:37:17.258Z,joe jenkins is one of the best and awardwinning headshot nyc and event photographer,11,54,67
22454,22454,3942152,Rainbow_Harvest,2021-01-20T08:24:32.922Z,ich freu mich wenn die sonne lacht,371,148,53
70223,70223,4190137,QArmysVocals4All,2021-01-30T10:36:19.045Z,its been a crazy roller coaster up and down all around kind of journey for me my awesome boys are worth the battle heavenly father always comes first we pray daily for our president trump and gesara to come here soon children and their children deserve the best im a hardcore digitalsoldier stand 4 truth righteousness always my brothers and sistersin god we trust we the people can keep our country families safe strong live free or die wwg1wgaqarmy baby,265,105,5827
101385,101385,2298302,MikeDood,2021-01-09T16:16:04.236Z,freedom minded gardener eater pc retro gamer,59,155,1334
53616,53616,2486994,Iseenow,2021-01-10T03:54:04.624Z,pro life we are a soul in a human body i love my president,153,378,137
9779,9779,6613549,Stewy1969,2024-05-22T01:56:06.121Z,not your average christian white male,1,9,1
69372,69372,1754943,Ann5kw,2020-11-02T19:32:23.582Z,catholicchristian married to my best friend fellow air force veteran love jesus love america love our great president donald j trump greatest president ever born on the 17th on january 82021 jack disagreed with my opinion in god we trust never give up never give in keep your friends close and your enemies closer,480,412,13702
74655,74655,6459254,nicholaskevinricchiutihotmailc,2023-09-21T18:50:27.423Z,nkr consulting dba2023 09000568,0,111,10
86112,86112,588303,The-Resistance-1776,2018-08-12T03:17:43.000Z,affiliatepartner of infowars video editorproducer for the pete santilli show fighting to keep us free from tyranny share all posts and give the to the globalists communists libtards and brainwashed foolssupportfollow my work httpslnkbiotheresistance1776,1244,34,11783
14733,14733,6300288,Happylifestore,2023-04-16T23:04:38.810Z,httpslinktreebusniss23pro,5,67,0
39312,39312,1967808,HKgor,2020-12-06T10:30:56.443Z,trump2020,3,64,49
8484,8484,1993116,American2IDPatriot,2020-12-13T18:15:21.108Z,let the pure be pure and the transhumanist transhumanist constitutional patriot 1776genesis 129 xp aotime to fightbe heard not herdedest 1775national socialist workers of america,1607,2890,9728
88420,88420,17645,Crew,2016-09-22T03:30:06.000Z,i am pureblood as white af,2415,195,57303
9473,9473,2259588,handcannon76,2021-01-09T13:48:53.982Z,trump supporter grouchy hillbilly nra conservative gun nut american my typing is crap,1922,3240,207
3756,3756,4134448,khallreeves,2021-01-27T01:10:02.653Z,local entrepreneurs,24,53,859
3088,3088,6157117,Cowgirl801,2022-11-21T19:24:26.698Z,i m a lady with pride and justice a fan of donald trump am here for 100 free speech for everyone who does evil hates the light and does not come to the light for fear that their deeds will be exposed john 320 psalm 1101 the lord says sit at my right hand until i make your enemies your footstool luke 1019 i have given you authority to trample on snakes and scorpions and to overcome all the power of the enemy nothing will harm you,77,402,5
62938,62938,2626021,Ellenmatthews,2021-01-10T10:13:38.268Z,garden enthusiast dirt loving wifemomgrandmama jesus loving child of god,142,185,369
1309,1309,811139,hyknbyk,2018-10-19T14:28:08.000Z,an attack upon our ability to tell stories is not just censorship it is a crime against our nature as human beings salman rushdie,288,591,1952
88591,88591,14691,science,2016-09-14T12:11:12.000Z,group account httpwwwhumanbiologicaldiversitycombitcoin donations 19pealq9yyimi5dvibxxfctcgxtm7igjyqethereum 0xfb97a02724f9717b97aa6fc2e4719c413b4f756c,3683,839,591
18753,18753,3402710,Timothyj69,2021-01-12T18:05:14.667Z,usmc desert storm veteran god fearing bible believing patriot im a constitutionalist conservative and president trump is still our president,1407,2197,1417
85912,85912,6482656,Love4allTimes,2023-10-15T21:27:33.071Z,passed the age of reasoning octogenarian life is precious so handle with great care i have jesus as my friend god as my father and the holy spirit as my teacher beware of the spirit of religion it is satans greatest weapon to control divide and destroy warning foul language get you blocked,177,0,12524
29175,29175,2497566,Joiedevivre,2021-01-10T04:11:27.783Z,im joy follower of jesus seeking to continually learn and grow in my spiritual journey and become more like christ daybyday i want to use this page for reminders and encouragement in the faith that i need and maybe you do too,650,118,1200
45567,45567,5625058,Lustfuldesires,2021-12-29T07:18:39.150Z,im just a dude that is in to men and women and this my private page i dont expect followers but people are welcome to follow and every privacy setting is selected there may be some stuff that is offensive to some but hot to others private messaging is welcome,0,12,37
60857,60857,240972,soylentgreen70,2017-08-25T20:38:19.000Z,whats normal for the spider is chaos to the fly,336,329,7024
101292,101292,894507,Superdee13,2018-11-24T02:15:39.000Z,an attack upon our ability to tell stories is not just censorship it is a crime against our nature as human beings salman rushdie,11,24,1
52947,52947,916111,hauskakusipaa,2018-12-03T16:14:15.000Z,i could always stand up for myself so no one had a desire to offend me no one manipulates me,150,389,173
40076,40076,474093,Lily7,2018-03-31T13:36:50.000Z,if liberty means anything at all it means the right to tell people what they do not want to hear george orwell,414,462,3061
14102,14102,3787376,DarkToLightKnight,2021-01-16T17:31:13.697Z,bringing light to the darkness and preserving the american way banned by twitmo jack in the great purge,305,530,324
23173,23173,5974842,drdavibsamadi_,2022-06-24T07:11:16.023Z,dr david samadi is broad certified in general surgery works for the imo under the un 930 broadway e seattle wa 98102never forget to be yourself,7,125,8
74357,74357,5243795,NovaxJoe,2021-07-29T12:57:47.458Z,blessed by god husband father grandfather proud american,334,85,9860
82427,82427,6729274,TheTheocraticFascist,2025-06-25T16:13:36.968Z,just a chill guy who knows too much christisking,1,10,4
6770,6770,3616179,salialioli,2021-01-14T07:42:45.236Z,on the shores of the mediterranean,1293,2132,2565
19704,19704,760277,Supertex55,2018-09-26T05:15:23.000Z,band from twitter same day as donald trumplost 20000 followersi follow back all patriots maga wwg1wga,947,1323,19368
73257,73257,4611643,vaxtruth,2021-02-19T04:36:30.262Z,director of vaccination liberation httpsvacliborg and owner of humbleweed a place to learn about herbal healing also a source for authentic essiac tea the way rene caisse made it for her patients at her clinic in bracebridge ontario httpshumbleweednet i have a weekly radio show immunize wizely on saturday nights on the republic broadcasting network httprepublicbroadcastingorg expand your awareness with me on saturday nights,9,15,16
93847,93847,5075603,Gblanc0,2021-04-24T03:31:17.005Z,gina from the dottoronto born and raised,5,16,1
62052,62052,6200396,Lisa2365,2023-01-05T21:58:25.427Z,im so good at sleeping i can do it with my eyes closedim from hongkong live in los angeles,24,161,1
79867,79867,278406,Zone01,2017-09-20T01:33:24.000Z,censorship is saying im the one who says the last sentence whatever you say the conclusion is mine ai weiwei,295,511,3072
34943,34943,5981424,AliBahchwan,2022-06-30T21:49:44.113Z,here we will show you products that help grow your business and increase your profits online,132,528,12
47775,47775,2876482,Warchild70sr,2021-01-10T23:08:37.292Z,very happy to be here to participate in preserving free speech i am 50 years old and live free in the state of wisconsin my display name may be a tad menacing it is actually my xbox gamertag the intimidating gamertag is useful when playing cod and halo but not so much on social media oh well,79,141,112
59992,59992,2250246,Neil3481,2021-01-09T13:13:24.589Z,navy vet daddy shark god is on the throne,78,182,329
15252,15252,8836,LeviathanRising,2016-09-03T22:06:23.000Z,expecting imminent election of the first pr scripted hollywood produced 3d hologram potuscareer politicians are megalomaniacal psychopath conartist thugs who steal our time rights money using it for payoffs propaganda in order to protect their perks power privilegesthe us was intended to be a dynamic democratic constitutional republic not rule by a 50+1 mobcommon sense workshaters rudely reactive zombie trolls blocked,416,375,8081
25387,25387,5896151,Liamoscar,2022-04-15T18:21:23.245Z,just another regular guy,452,683,54
2200,2200,695966,CAFinNY,2018-08-31T14:49:48.000Z,looking for an alternative to facebook thought id try this,45,54,3397
7880,7880,6068252,Debrarose59,2022-09-07T11:25:19.977Z,i m a very simple lady with understanding i m loyal and honest i give respect to the once who deserve it,69,571,6
38212,38212,2210076,pogmothoin69,2021-01-09T07:23:15.293Z,military law enforcement patriotic flag waving crazy ass gun toting americans proud of our country and our family members who have and are serving itlove a good educated debate we cant all be right all the time except for me just kiddingloltrump is our president we are total maga supporters and stand by him let our voices be heard keep it real keep it safe and make it loud,1852,2757,804
19774,19774,5715091,angalvar,2022-01-28T12:25:43.715Z,soy provacunas por eso no me pincho con mierdas varias facha amigo hasta el final enemigo si me buscan tambien puedo ser educado hasta dar asco pero si entramos en el insulto creo que me los se todos el de facha lo considero un piropo,15,21,277
56944,56944,6010650,MartinTwo,2022-07-28T15:41:07.048Z,true patriot god bless america,0,22,6
11927,11927,892294,SuperAZdrea,2018-11-22T19:33:03.000Z,your local unironic ironic american lochian interstellar transhuman colonial national socialist,531,961,1947
60762,60762,6182073,Stevenwalker432,2022-12-15T08:26:25.817Z,god fearing man with a lovely kid in everything you do dont let giving up be an option let love lead it is the source of life proud american i stand for freedombe your motivation,8,76,6
90435,90435,79125,JolieRouge,2016-11-22T01:14:01.000Z,it is better to be feared than loved,810,334,689
16337,16337,6418531,joshuapal23,2023-08-12T23:47:51.483Z,born to the most blessed family of earth white people saved from self by the sovereign will of god translated into the kingdom of christ,38,41,939
70029,70029,3695513,Socialschism_works,2021-01-15T04:32:37.236Z,to the law and to the testimony if they do not speak according to these words it is because there is not light in them isaiah 820i generally only followfollowback gab pro accts we must invest ourselves fully into advancing christs kingdomi make no oath or pledge of allegiance to any except the father the son the spirit and the inhabitants of new jerusalemtucson arizona christfirst,149,23,691
8566,8566,6159386,Trader_Tori,2022-11-23T19:05:04.067Z,senior trader account manager binary option forex trading extra cash investment accurate signals earn over $45k weekly dm for more info,291,1196,22
12943,12943,741881,old-truck-driver,2018-09-20T18:42:07.000Z,vietnam era ssbn 19681974 veteran 4 active duty 2 inactive reserve,375,108,8138
90882,90882,951956,MichelleG13,2018-12-28T01:57:06.000Z,maga supporter love my country love my family,66,138,482
36424,36424,34042,Jaxbeach,2016-10-16T18:18:19.000Z,fairtax supporter 2a to support 1a back in the day my draft 13,1163,1179,15177
2472,2472,2026483,katerinaneiro,2020-12-25T16:39:47.082Z,australia mother in search of the truth,30,159,285
44165,44165,6255992,WalmartGiftCard10000,2023-03-03T14:51:05.387Z,100$ walmart giftcard 100usd walmart giftcard walmart gift card walmart giftcard $300 walmart gift card walmart gift cards buy walmart gift cards walmart free gift card walmart gift card freefree walmart gift cardwalmart gift card 2017walmart gift card codesfree walmart gift cardswalmart gift card scamswalmart $300 gift card iphonewalmart gift card numberwalmart gift card onlineroblox walmart gift cardwalmart gift card survey,0,60,1
11856,11856,241497,Buckerson,2017-08-26T07:43:04.000Z,when you have strict censorship of the internet young students cannot receive a full education their view of the world is imbalanced there can be no true discussion of the issues ai weiwei,408,570,6404
9641,9641,5879305,the_art_of_spiritual_war,2022-04-04T22:02:15.183Z,rebuilding christendom from the ruins rebuilding christendom from the ruins of modernity build your parish into a trad stronghold antidemon propaganda follow me on instagramhttpslinktreetheartofspiritualwar,757,180,112
