,account_id,content
26,6640078,"humbly, i have no religion. was raised with lots of love and ethics, but no religion. but as far as i am aware, the god i think you're bringing up is said (in the new testament) to love us all, but those who choose unethical or unworshipful behaviors.i agree on the ethics part, but it just seems egotistical to demand nothing but worship.as for ""invaders..."" they were paid to come here, and now are being managed by the hidden hand.i love all who choose their behavior within ethics. i find judging groups by things they cannot control to be weak and needing to feel superior to others. i judge individuals by whether they are ethical (keep the laws of ethics). lol! still hooked into the party illusion. seriously, it's all a performance on the cave wall (our screens), and just now they're making the ""parties"" look like one of them is good guy and the other bad guy, aiming for people to move to one party.plato told us that what we see is a play, that there are ""hidden hands"" that move the puppets and we see the show and not reality.escape the cave! (article): #truth #trump #future three elderly people beaten up by a mob. the color is irrelevant.. i have zero data with which to conclude this god exists... a book written millennia ago, with flaws and contradictions, is not what i would go to...i had my spiritual experience, and would not say you need to believe what i say. we each have our own path.and as for love... it is my love for humanity that keeps me working towards better on our planet for all of us, despite the fact that the moneyed psychopaths have me targeted and kept destitute. they brutalize humanity and i work against them.my latest in the effort to free humanity from the grips of moneyed psychopaths:we have been groomed to discount nature (article): i strongly suspect i am partially shadow banned... i know @a blocked me. lol! not sure what the stuff about the angry emoji is...? but it surely is sad that @a has no compassion for ones like me, who are targeted, elderly, disabled, denied assistance, lost everything, destitute, and homeless. i have nothing to pay him with, struggling to afford food on a social ""security"" payment not even 1/2 a studio apartment's rent.i thought christians were taught to have compassion... [shrug]. well, the 10 commandments suggest that... and countless ones have informed me that the only way to ""heaven"" is to worship that god. that if i don't, no matter what i do with my life, i will go to hell. that i could ""repent"" on my deathbed and no matter how unethically i led my life, i would be ""saved.""but no matter how ethically and with love and caring i led my life, if i did not worship that god, i was hell-bound.not that i believe that. but that setup sounds like the god has ego issues.. well... i'm not one to find humor in that... my brother was circumcised and we're european-mutt-with-native-american-on-both-sides. most male people in our area of our planet were back then, irrespective of lineage, religion, or affiliation. i am please to see another willing to make a stand! for me, it's not so much that i will not comply, per se, but that i will make a counteroffer rather than create a controversy by refusing...""i will be happy to [do that, give you that, whatever] if you prove i am in your jurisdiction."" as i do not consent to any ""authority,"" there is no proof.creating controversy (article): what? you attack people for things done to them as an infant? am i grasping this correctly?. and drop ourselves to the level beneath the beasts? i am an ethical one, and robbing others is not ethical. try them and if found guilty, mete ethical consequences.beneath the beasts! (article): insults and ad hominem are the signs of one who is weak. attack the data, not the messenger. anyway, please be off and leave me alone. thank you so much. lol! that's all you have? insult and ad hominem? i ponder the brain dead one here... hahaha! how do we tell the difference between metaphysical manifestation (prophesy come true) and moneyed psychopaths in control using scripture as a playbook, keeping believers doing nothing to stop them, just waiting for some other to come along and ""fix it?"" how does ""treason"" get applied to a for-profit corp(se)oration? btw, things make more sense when you grasp that it's all a production to manage us...they really are 1984ing us (article): what a play...with live props and participatory audience. plato knew...escape the cave! (article): why? because all the ones we see on that literal world stage are actors cast by the hidden hand, who wrote the script and direct from the wings. we have no say in that production. and if you doubt that, there is plenty of evidence of more than one person playing a role...can you gaetz which one is which? (article): #government #truth this is why i cannot consent to the whole psychopathic legal/governmental system. no one has authority over me that i haven't given to them personally in fully informed fashion.i have authority over you (article): stop consenting! (article): me as a sovereign here on ethical ground (article): the gentleone s solution (article): stop consenting! (article): me as a sovereign here on ethical ground (article): here to let everyone know about the ad-free, censorship-free platform, odysee! post videos, articles, and even"
63,2907519,@goodymiller your vote hasn't done anything your entire life. keep doing the same dumb shit and expecting different results. @vilnawillie oh he only offered you poison he didn't make you eat it... well then...the fuck is wrong with you people? @memphis1984 only problem is your orange god isn't deporting shit. on pace for less deportations then biden. just another promise broken. @systemicface your not back you simpleton. this is your 4 yrs in the cycle dumbass.
145,2252846,"in school they taught us that our heart is just a muscle.but, did you know that neuro cardiologists today are suggesting that 60-65% of our heart cells are actually neuro cells, not muscle cells. the hearts neuro cells are identical to the ones in our brain. they operate through the same connecting ganglia and they use the same neuro transmitters that our brains do. so, does this mean quite literally that your heart has thoughts?because of these heart thoughts, biophysicists are now saying that your heart creates it s own entire electromagnetic field. this electromagnetic field effects your brain by immersing it in whatever wavelength your heart is emitting. which translates to, your heart is literally creating the environment in which your brain thinks.it really makes you wonder, how much should we actually be listening to our hearts? could our heart be our super power, not just within but between each other? did you know that water is now on wall street? i feel like it just flew under the radar of all things 2020.this is very dangerous territory! i already have a vendetta against the nestles of the world. they steal our clean water, bottle it in petroleum products that poison our bodies and pollute our earth, and then sell it back to us.... but now, h2o is a freaking tradeable commodity for profit! this should alarm you!what is stopping them from poisoning and polluting water supplies as a business incentive. think about it! the more water that is contaminated and the less water that is available and clean, the more money you can charge for it.#fightthepower that's gonna be a lifelong ""nope"" for me. i prefer water anyway. for the record, i like the kind of water that flows, not the kind that is stolen and placed inside plastic that poison our bodies and pollute our planet. gfy woka cola  #boycottcoke #saynotocoke"
159,6035565,"cringe ""edgy"" patrick bateman (not a real schizo, not real name, fake and gay, directed by a woman)vschad jack torrance (tries to kill his entire family, is misogynistic and calls his wife a sperm bank, says nigger and almost has sex with a dead woman) @aalexh my mom walked in and laughed at this hope this isn't too disturbing lmao #art #artoftheday #artoftheday  #digitalart #agp #womensupportingwomen #gendercritical #transwomenarewomen#transrightsarehumanrights#transgender #suffragette #womenwontbeerased #lgbtq  #pride #transwoman #feminist #feminism #superstraight #mensrights #mensrightsactivist #mensrightsmovement #transgirl #transcult #transrightsmatter #transrights #superstraight #superstraightgang #superstraightpride #digitalart #transwomenaremen #transmenarewomen #sexnotgender #gendercritical #gc #shellpilled #lgbwithoutthet #getthelout #lgbtqia #lgb literally took a poll and said you were 17.5% in support of pedosliterally telling on"
163,5397625,"someone needs to ask this piece of shit why he s supporting william browder in his war and keeping assange hostage- as both of them were represented by him!!!! geoffrey robertson , his wife, knew assange is autistic. 1996. funny that. and that s what got him killed. there is no statute of limitations for treason. sine the feds are supposed to prevent a crisis, and the last 4 treasury secretaries have failed to boost a healthy economy, isn't it time to charge men with crimes who made billions in a ""crisis"", without ruining capitalism? or is the answer to stop paying taxes, unanimously? no worries, julian assange. i know who did this to you. i caught his lie. i will stop his war. #magnitsky #journalismwar"
209,3769314,"research from ohio state universityconservatives more susceptible to believing falsehoodsconservatives are less able to distinguish political truths from falsehoods than liberals, mainly because of a glut of right-leaning misinformation, a new national study conducted over six months shows. we saw that viral political falsehoods tended to benefit conservatives, while truths tended to favor liberals. that makes it a lot harder for conservatives to avoid misperceptions,  if more of the factually accurate stories were labeled political   benefiting either liberal or conservative positions   liberals became better than conservatives at distinguishing true from false statements.conservatives also showed a stronger  truth bias,  meaning that they were more likely to say that all the claims they were asked about were"
224,1105493,"harold and kumar go to the justice department. christmas in july. aipac masters cannot be happy about this hell hath frozen over! tyt's anna kasparian goes to tucker carlson podcast. hey kids, roids are bad for djt has made the list!"
246,2361058,"@celticoddtree  it's a shame donald doesn't listen, or read. if he did, he wouldn't say foolish things, such as, ""i thought we had a deal."" then, donald wouldn't constantly whine about his ineptitude; his disappointment, as he calls it.h/t daniel davis deep  eu-us trade deal,15% tariff on eu goods to us.zero% tariff on us goods to eu.eu decreased domestic competitiveness.eu customers get possible lower prices on competitive us goods.us theoretically increases domestic competitiveness.(shush, we don't make a lot of stuff. don't tell anyone. maybe foreign investors will construct businesses here, and import their h1b employee needs).us customers will pay minimum 15% more for eu goods.i'm not an economist. just a happily retired old fart spit-ballin' ideas. tariffs = winning-winning-winning       ""we have a last minute addition to the passenger list, mr. president. not to worry, sir, he weighs next-to-nothing."" he tried to warn the american people. politicians had their own plan.now, we're living through the latest con-job. ""so tell me, man-to-man-to-man, did your wedding night meat your expectations?"" his social truth spiced with a sprinkling of snark @iamorlando cnn update: ""we can state definitively that the bottom of the perp's sneakers are white."""
269,3687038,"this is one of my favorite poems, and i refer to it often. manifesto: the mad farmer liberation frontby wendell berrylove the quick profit, the annual raise,vacation with pay. want moreof everything ready-made. be afraidto know your neighbors and to die.and you will have a window in your head.not even your future will be a mysteryany more. your mind will be punched in a cardand shut away in a little drawer.when they want you to buy somethingthey will call you. when they want youto die for profit they will let you know.so, friends, every day do somethingthat won t compute. love the lord.love the world. work for nothing.take all that you have and be poor.love someone who does not deserve it.denounce the government and embracethe flag. hope to live in that freerepublic for which it stands.give your approval to all you cannotunderstand. praise ignorance, for what manhas not encountered he has not destroyed.ask the questions that have no answers.invest in the millennium. plant sequoias.say that your main crop is the forestthat you did not plant,that you will not live to harvest.say that the leaves are harvestedwhen they have rotted into the mold.call that profit. prophesy such returns.put your faith in the two inches of humusthat will build under the treesevery thousand years.listen to carrion   put your earclose, and hear the faint chatteringof the songs that are to come.expect the end of the world. laugh.laughter is immeasurable. be joyfulthough you have considered all the facts.so long as women do not go cheapfor power, please women more than men.ask yourself: will this satisfya woman satisfied to bear a child?will this disturb the sleepof a woman near to giving birth?go with your love to the fields.lie down in the shade. rest your headin her lap. swear allegianceto what is nighest your thoughts.as soon as the generals and the politicoscan predict the motions of your mind,lose it. leave it as a signto mark the false trail, the wayyou didn t go. be like the foxwho makes more tracks than necessary,some in the wrong direction.practice resurrection."
394,1621124," francis anthony boyle (born march 25, 1950)[1] is an american human rights lawyer and professor of international law at the university of illinois college of law.[2] he has served as counsel for bosnia and herzegovina and has supported the rights of indigenous peoples and palestinians."
400,6378969,"billion from the saudis for jared, trademarks from china for ivanka, a luxury jet from qatar for don jr. looks like the trumps are hosting a worldwide clearance sale of american influence. don t forget he also launched the 'america golden card,' selling access to the highest bidders. now it s all coming together: the trump administration business model was always about monetizing the presidency.#bluecrew #bluecirclefamily  #bluepetpatrol   #proudblue #resist #resistance #truthwarriors #antitrump #antimaga#impeachtrumpnow #bluecrew #bluecirclefamily  #bluepetpatrol   #proudblue #resist #resistance #truthwarriors #antitrump #antimaga#impeachtrumpnow #bluecrew #bluecirclefamily  #bluepetpatrol   #proudblue #resist #resistance #truthwarriors #antitrump #antimaga#impeachtrumpnow well said!!  #bluecrew #bluecirclefamily  #bluepetpatrol   #proudblue last week: trump org drops a cool billion on a fancy golf course in qatar.today: qatar slides trump a shiny new private jet like it s no big deal.yeah, #maga... total coincidence. nothin  to see here?   #bluecrew #bluecirclefamily  #bluepetpatrol   #antitrump #antimaga#impeachtrumpnow norm eisen is angling to find a prosecutor to go after trump for his crypto holdings. he gives a big wink before saying it's the worst of all trump's corruption, emphasizing the surface of attack that 40% of trump's net worth is in crypto.#bluecrew #bluecirclefamily  #bluepetpatrol   #proudblue #resist #resistance #truthwarriors #antitrump #antimaga#impeachtrumpnow the trump administration's chaos, from blocked appointments to mishandled scandals, shows how prioritizing loyalty over competence is hurting the country and undermining effective leadership.  #bluecrew #bluecirclefamily  #bluepetpatrol   #proudblue #resist #resistance #antitrump #impeachtrumpnow #bluecrew #bluecirclefamily  #bluepetpatrol   #proudblue #resist #resistance #truthwarriors #antitrump #antimaga    #bluecrew #bluecirclefamily  #bluepetpatrol   #proudblue #resist #resistance #truthwarriors #antitrump #antimaga    #bluecrew #bluecirclefamily  #bluepetpatrol   #proudblue #resist #resistance #truthwarriors #antitrump #antimaga    #bluecrew #bluecirclefamily  #bluepetpatrol   #proudblue #resist #resistance #truthwarriors #antitrump #antimaga    #bluecrew #bluecirclefamily  #bluepetpatrol  #thisiswhywefight #resistance #resist #truthwarriors #antitrump #antimaga #impeachtrumpnow welcome to germany in the 1930s   #bluecrew #bluecirclefamily  #bluepetpatrol  #thisiswhywefight #resistance #resist #truthwarriors #antitrump #antimaga #impeachtrumpnow he doesn t want anything regulated. he s all for profit not safety   #bluecrew #bluecirclefamily  #bluepetpatrol  #thisiswhywefight #resistance #resist #truthwarriors #antitrump #antimaga #impeachtrumpnow #bluecrew #bluecirclefamily  #bluepetpatrol  #thisiswhywefight #resistance #resist #truthwarriors #antitrump #antimaga #impeachtrumpnow casey means is unqualified to be u.s. surgeon general.  #bluecrew #bluecirclefamily  #bluepetpatrol   #proudblue #resist #resistance #truthwarriors #antitrump #antimaga#impeachtrumpnow welcome to germany in the 1930s   #bluecrew #bluecirclefamily  #bluepetpatrol  #thisiswhywefight #resistance #resist #truthwarriors #antitrump #antimaga #impeachtrumpnow #bluecrew #bluecirclefamily  #bluepetpatrol  #thisiswhywefight #resistance #resist #truthwarriors #antitrump #antimaga #impeachtrumpnow #bluecrew #bluecirclefamily   #bluepetpatrol   "
576,6014236,"that's the real weather modificationit's simple thermodynamics every single day around 5.2 billion gallons of water moisture is emitted into the atmosphere via burning fuels like gasolinethe catalytic converters turn that into a less damaging byproduct but it also turns it into sulfur dioxide which when mixed with water creates sulfuric acid.keep burning it or we'll all die of abject poverty though     apparently asymmetric disclosure means those who have ""subcontractor"" status are planning a possible tactical nuke type ufo/alien information dump with deadman switches  i give trump a zero percent chance of making them happy with any ""fake"" disclosure israel stopped baby formula from reaching gaza which has actually lead to babies starving to deathrepublicans aren't pro life, they were just using it as a weapon against women forcing them to give birthi equate that with things like violent rape "
649,5971582,"jesus said to love everyone including your enemies. that means the poor. that means the rich. that means black people. that means immigrants. that means people with tattoos and piercings. that means gay or trans people. that means liberals. that means conservatives. that means drug addicts. everyone means everyone because he died for everyone. maybe diddy will invite trump to his parties! we know the trump admin has the files so one of three things is happening. he s not releasing it because he s in it. he s not releasing it because his friends are in it. both. @maizefarms trumps protecting pedos including himself. @finethen trump probably did the same with his daughter let s be honest. @finethen it s been 9 years and he still hasn t lmao you got played. @finethen so he s protecting the clintons then? @finethen you guys ever have any new material? trump isn t a dictator we re allowed to make fun of him. why didn t he lock up hillary or at least pursue charges against her? jessica dotty whitaker same clown that whined endlessly about censorship. trump got and is still getting money from the israel lobby and jewish donors it s really not that big of a sacrifice. it s trumps government now there s zero excuse for why he can t release the epstein files. waiting for trump to release the files. release the epstein files. and trump cultist say the left can t meme these memes are terrible lmao. it was the democrats that made him go to the island and rape kids guys not his own free will! america is slowly morphing into the weimar republic on steroids. at most the trump administration has only deported a little over a thousand and more third worlders are coming not off to a very good start... if republicans lose tonight it s 100% their fault.they could have stopped the fraudulent election in 2020 but instead they ignored us.they could be fighting tooth and nail every day to fight for the j6th prisoners but none of them lifted a finger.they could have wielded their power when they controlled the senate,house and white house but didn t.i didn t vote because republicans didn t earn my vote you want it you earn it.i m so sick of being told that i have to vote why exactly?so republicans can investigate 24/7 with zero results?in my state especially its rhinos and i will not vote for them."
700,1477975,"@ssolek @bimboairways @rafko @memphis1984 @jam1 @seize_the_day and trump just told my governor no to billion of federal money for our planned 800 miles of high speed rail network, since we haven't been able to build a single mile of it in 17 years. @maddyjc @ssolek @bimboairways @danresist45 @voltairecommonsense @jam1 @rafko mamdani will not only release that 200+ times arrested beer pilferer, he'll have the nypd give him a 12 pack of taxpayer funded modelo on his way out the door. @machetepepe @disco @815o @jay_know @memphis1984 @machetepepe @memphis1984 @hildolfr @bimboairways @jam1 @ssolek @rafko @danresist45 @maddyjc @justspring @ssolek @rafko @815o"
702,2226850,"the democrats know how to build a movement and a resulting powerful, dominating party. they knew it had to start from the bottom up. think about it. we all expend a tremendous amount of our time and energy on the national political scene. it is a waste. our founders set a system of representative government that meant for your most influential politician in your life to be your mayor!! simply because that is where monumental change in the country's discourse starts ! you may have intimate knowledge of politics on a national scale, but can you name your mayor, your school board members, your county commissioners and aldermen ? the real power in your involvement of politics begins just down the street and an understanding of what your local tax is providing you."
862,1547532,"enough is enough....earn it? taxed.spend it? taxed.save it? taxed.invest it? taxed.own it? taxed.sell it? taxed.live in it? taxed.drive it? taxed.eat, drink, smoke it? taxed.gift it? taxed.die? still taxed.meanwhile? they waste it.what's the damn point?? fuck 'em.   ""the individual has always had to struggle to keep from being overwhelmed by the tribe. if you try it, you will be lonely often, and sometimes frightened. but no price is too high to pay for the privilege of owning yourself.""    beware the irrational, however seductive. shun the  transcendent  and all who invite you to subordinate or annihilate yourself. don t be afraid to be thought arrogant or selfish. picture all experts as if they were mammals. never be a spectator of unfairness or stupidity. seek out argument and disputation for their own sake; the grave will provide plenty of time for silence.   christopher hitchens predictive programming?   almost as if it was want to delete facebook but also want to keep photos, lists, etc? here's step by step instructions on how to do so! enjoy your new found freedom from censorship!!   ""what did father use to say? everything before the word ""but"" is horse shit...."" ~john snow got"
863,1874169,"just learned that our beautiful banyan, lady banyana, apparently came from banyans brought to ft myers fl in the 1800's by thomas edison!! we had no idea...ours is said to be over 100 years old but no one really knows....she is beautiful and was the inspiration for the title poem to my book, gnarly roots...gnarly rootsthe gnarly roots of the old banyan treedesperately scratchat the groundin an age old attempt to claw their wayto the heavenswhile branching outshades the anxiety of the searchand provides shelterfrom the storms and respiteto the gamely fights and scarsthat always transpire underneaththe real arboreal aspiration is manifest in the elder entanglements of girthand the trunk full of treasuresburied in the earthas the roots stay firmly groundedto support the timeless expansionof the natural urge to be higher and of our constant wonderingjust when will we findthe star seedsthat planted us here in the first place  autumnthe first day of fall arrived early this yearnot that it sometimes does notbut once again the season changedno pealing of the church chimesnot a hint of myrrhing aromanor a scent of fragrant frankincenseto mark such a lofty engagementjust another dayanother shifting from summer to fallmore a day of sad farewell to that last lusty embrace of summer s warmthand all of the fun in the sun that was had by alland now we just wait with resignation knowing that winter is nearas we prepare a warmer spotamidst the moves and rearrangementsnot that we really careabout the seasons and the timeswe know they come and reoccurbut it is always the fall that colors its way inwith a different and alluring sensein the annual scope of changesexcept for those who live with the soiland extract their faith from dirtand sweat and toilfor those who work without a shirtthey know it s time to take stockjust another dayanother shifting from summer to fallmore a day of sad farewell to summerand all of the fun that was had by alljust another seasonin the cycle that circles onand ondelray beach    a great    the war in ukraine marks the end of the american century, by mike whitney - the unz review      excellent update on  "
895,5708106,   holy shit.....this theory is g e n i u s. i had never considered this perspective until now and it makes the absolute most sense!!! think about how much is coming out about the jabs....they're getting ahead of the narrative that's about to be exposed.   #abortionrights #supremecourt #roevwade #protests #abotrionactivists #abortionprotest #scotus #climatechange #antifa
924,1266631,"i heard that a reporter went to lindsey graham's office to interview him on gaza. upon arrival, the reporter and her staff caught mr graham jerking off to videos of palestinians getting bombed and starving to death on instagram. is this true?"
1040,237876,"""der theologe und freiheitska mpfer thomas mu ntzer (1489-1525) focht fu r die befreiung des bauerntums durch die unterjochung durch den adel und ka mpfte in den deutschen bauernkriegen, der ersten richtigen deutschen revolution. er wurde 1525 durch heimtu cke in der schlacht bei frankenhausen gefangen genommen und spa ter ermordet. thomas mu ntzer gilt als einer der vorstreiter des einfachen volkes gegen unterdru ckung und willku r.""unvergessene deutsche des deutschen vaterland - ernst moritz arndt, 1813: #deutschland #germany was ist des deutschen flagge? ""nie wollen wir mehr ringen, welch' flagge zu besingen: uns schwarz-rot-gold und schwarz-wei -rot hier weh'n und beide ungetrennt in ehre steh'n!"""
1237,3887182,@senexbarbatus @jiggityjig good for you .. and your family! tv was very new when i was young (and we didn't have one till i was 8) and there weren't many 'commercials' except around christmas when they introduced a 'santa' show that seemed to both have ads and be an 'ad' in itself for children's toys. my parents sat me and my brother down right away and began to show us how to figure out the difference between truth and lies in advertising. that training stuck with me all my life. i also have blocked all ads on the web. tried that technique with my daughter but it apparently didn't work very well. she's a liberal. @whiskeygirl420
1245,56239,"this sedition? anyone pls answerpolitics2020 electionthe secret history of the shadow campaign that saved the 2020 election ......suddenly, the potential for a november meltdown was obvious. in his apartment in the d.c. suburbs, podhorzer began working from his laptop at his kitchen table, holding back-to-back zoom meetings for hours a day  with his network of contacts across the progressive universe:  the labor movement; the institutional left, like planned parenthood and greenpeace; resistance groups like indivisible and moveon; progressive data geeks and strategists, representatives of donors and foundations, state-level grassroots organizers, racial-justice activists and others. in april, podhorzer began hosting a weekly 21 2-hour zoom. it was structured around a series of  rapid-fire five-minute presentations on everything from which ads were working to messaging to legal strategy.  the invitation-only gatherings soon attracted hundreds, creating a rare shared base of knowledge for the fractious progressive movement.  ......anat shenker-osorio, a close podhorzer friend whose poll-tested messaging guidance shaped  the meetings became the galactic center for a constellation of operatives across the left who shared overlapping goals but didn t usually work in concert.   the group had no name, no leaders and no hierarchy, but it kept the disparate actors in sync.   pod played a critical behind-the-scenes role in  keeping different pieces of the movement infrastructure in communication and aligned,    says maurice mitchell, national director of the  working families party.    you have the litigation space, the organizing space, the political people just focused on the w, and their strategies aren t always aligned. he allowed this ecosystem to work together.  ......as 2020 progressed, it stretched to congress, silicon valley and the nation s statehouses. it drew energy from the summer s racial-justice protests, many of whose leaders were a key part of the liberal alliance.    and eventually it reached across the aisle, into the world of  trump-skeptical republicans  appalled by his attacks on democracy.   timelessscribe @pplbaffleme @pazzo723 @suppleman459 @svagdis @jokilema @b1llyb @trish_arruda @jandqo@deplorablecory @dunedain_of_arnor @rolling_quest @hapglamper @stilosa0 @eralesse @luckyl @nobolseviki @oldsilk @mommag1 @sdg17 @talkitwalkit1 @crawfishfestival @babs59 @swampdrainx @books304 @moecowbell56 @jweibs38 @rosannamarcum @caddiguyfirst @zxoicks @oilgypsy @sickofitall76 @bluejingoe6 @emeraldgirl @rawatnight"
1362,1945167,"   i'm pretty sure i know what happened here. most dog trainers are brutai. never ieave your dog aione with a trainer, or at a boarding kennei. they aiso shouid have inciuded nikoia tesia: ""  i consider vegetarianism as a recommended starting point for giving up on established barbaric habits... every effort should be made to stop the vicious and cruel slaughter of animals, which can be devastating to human morale...     ""on earth as it is in @doesnotplaywellwithstupid having been in the trenches fighting for animais over severai decades, getting the iaws passed is easier than getting enforcement of them. many pounds (i don't caii them sheiters, they made up that term themseives in 1979 to counter the bad publicity) have committed crimes of crueity to animais themseives, and aiso victimized peopie who are heiping animais and trying to expose the crueity of ""sheiters.""recentiy i reported to the iocai ""humane society"" that neighbors behind me, from what i have witnessed and heard, are keeping a dog confined in a fibergiass enciosure in their backyard and treating it cruelly. the ""humane"" society made an appointment with the perpetrators for a future visit, one week from their phone caii, to conduct an ""investigation."" the perpetrators had a week to stage the scene, and so the enciosure covered with a tarp, where the dog had been kept, became a ""greenhouse"" for piants by the time the ""humane"" officer moseyed out there.there was no reai investigation, and my report was declared ""unfounded.""there are at ieast 5 peopie from different backgrounds iiving there, the yard is heaviiy double fenced, and there is an electronic monitoring system aii around it. in my younger days i personaiiy removed abused dogs from bad situations. it's no ionger possibie to do that, and the ""authorities"" are more concerned with the owners' rights than getting to the bottom of what they're doing to that dog."
1388,1336567,really don t like trump and his cronies use my profile picture to make me a campaign post for the democrats.only serious submissions accepted. don t be morons about it - i have a memory remember whose behind me on this?
1400,3831557,"qanon is the biggest hoax we have seen in our lifetime. possibly ever. how can anyone still believe any of it? i am very interested to see what happens when trump doesn't show the ""proof"" of all the conspiracy theories, like hollywood and democratic sex pedophilia rings, jfk jr. still alive, etc...this ""biblical"" farce that they are all waiting for, thinking trump is some sort of ""savior"" come to save us all is insanity at it's highest level. it's blasphemy for one thing. wake up people. please. make no mistake. those of you, (which i would say most) that call themselves ""patriots"" under the guise of trumpism in god's name, (which is crazy and wrong to act this way in god's name) are not patriots. you are nationalists. also many, many, of you are cultists who have been radicalized to the point you don't have a clue. here is an explanation of the difference between a patriot, and a nationalist. found in the stanford encyclopedia of philosophy under patriotism~~~ george orwell contrasted the two in terms of aggressive vs. defensive attitudes. nationalism is about power: its adherent wants to acquire as much power and prestige as possible for his nation, in which he submerges his individuality. while nationalism is accordingly aggressive, patriotism is defensive: it is a devotion to a particular place and a way of life one thinks best, but has no wish to impose on others (orwell 1968, 362). this way of distinguishing the two attitudes comes close to an approach popular among politicians and widespread in everyday discourse that indicates a double standard of the form  us vs. them.  country and nation are first run together, and then patriotism and nationalism are distinguished in terms of the strength of the love and special concern one feels for it, the degree of one s identification with it. when these are exhibited in a reasonable degree and without ill thoughts about others and hostile actions towards them, that is patriotism; when they become unbridled and cause one to think ill of others and act badly towards them, that is nationalism. conveniently enough, it usually turns out that we are patriots, while they are nationalists (see billig 1995, 55 59).~~~~"
1439,4170170,"jesus paid for your sins. you can trust him. (not just because he died for you, but also... because, well... he has a great sense of humor!). even if you voted in the neo neo nazi regime... you can be forgiven through his ocean of love! = #bidenadministration. did you vote for nazis? real nazi's??? like... brown shirt nazi's... the one's who flew the antifaschistische aktion flag in both 1930's germany and 2who currently now fly it in america? who's playbook you are now living by? well... did you? little hint... just because you hate fascists does not mean you are not a nazi... shakespeare epitomized it... 'me thinks thou protesteth too much.' "
